﻿<?xml version="1.0" encoding="utf-8"?>
<GridSave>
  <Column>
    <Name>S.No.</Name>
    <Index>0</Index>
    <Width>35</Width>
  </Column>
  <Column>
    <Name>Accession No.</Name>
    <Index>1</Index>
    <Width>100</Width>
  </Column>
  <Column>
    <Name>Book ID</Name>
    <Index>2</Index>
    <Width>100</Width>
  </Column>
  <Column>
    <Name>Book</Name>
    <Index>3</Index>
    <Width>150</Width>
  </Column>
  <Column>
    <Name>Writer</Name>
    <Index>4</Index>
    <Width>150</Width>
  </Column>
  <Column>
    <Name>Publisher</Name>
    <Index>5</Index>
    <Width>150</Width>
  </Column>
  <Column>
    <Name>Series</Name>
    <Index>6</Index>
    <Width>50</Width>
  </Column>
  <Column>
    <Name>Subject</Name>
    <Index>7</Index>
    <Width>100</Width>
  </Column>
  <Column>
    <Name>Volume</Name>
    <Index>8</Index>
    <Width>70</Width>
  </Column>
  <Column>
    <Name>Language</Name>
    <Index>9</Index>
    <Width>80</Width>
  </Column>
  <Column>
    <Name>ISBN</Name>
    <Index>10</Index>
    <Width>80</Width>
  </Column>
  <Column>
    <Name>Edition</Name>
    <Index>11</Index>
    <Width>80</Width>
  </Column>
  <Column>
    <Name>Publication Year</Name>
    <Index>12</Index>
    <Width>110</Width>
  </Column>
  <Column>
    <Name>Pages</Name>
    <Index>13</Index>
    <Width>50</Width>
  </Column>
  <Column>
    <Name>MRP</Name>
    <Index>14</Index>
    <Width>60</Width>
  </Column>
  <Column>
    <Name>Rate</Name>
    <Index>15</Index>
    <Width>60</Width>
  </Column>
  <Column>
    <Name>With Cd</Name>
    <Index>16</Index>
    <Width>60</Width>
  </Column>
  <Column>
    <Name>Almira</Name>
    <Index>17</Index>
    <Width>100</Width>
  </Column>
  <Column>
    <Name>Shelf</Name>
    <Index>18</Index>
    <Width>110</Width>
  </Column>
  <Column>
    <Name>RefAccessionNo</Name>
    <Index>19</Index>
    <Width>100</Width>
  </Column>
  <Column>
    <Name>Place</Name>
    <Index>20</Index>
    <Width>100</Width>
  </Column>
  <Column>
    <Name>Call No.</Name>
    <Index>21</Index>
    <Width>100</Width>
  </Column>
  <Column>
    <Name>Remark</Name>
    <Index>22</Index>
    <Width>200</Width>
  </Column>
  <Column>
    <Name>CdItemCode</Name>
    <Index>23</Index>
    <Width>50</Width>
  </Column>
  <Column>
    <Name>AccessionNoPrefix</Name>
    <Index>24</Index>
    <Width>200</Width>
  </Column>
  <Column>
    <Name>AccessionNo_Sr</Name>
    <Index>25</Index>
    <Width>60</Width>
  </Column>
  <Column>
    <Name>AccessionNoSufix</Name>
    <Index>26</Index>
    <Width>200</Width>
  </Column>
  <Column>
    <Name>BookIDPrefix</Name>
    <Index>27</Index>
    <Width>200</Width>
  </Column>
  <Column>
    <Name>BookID_Sr</Name>
    <Index>28</Index>
    <Width>60</Width>
  </Column>
  <Column>
    <Name>BookIDSufix</Name>
    <Index>29</Index>
    <Width>200</Width>
  </Column>
</GridSave>